<?xml version="1.0" encoding="UTF-8"?>
<jcr:root xmlns:oak="http://jackrabbit.apache.org/oak/ns/1.0" xmlns:jcr="http://www.jcp.org/jcr/1.0" xmlns:nt="http://www.jcp.org/jcr/nt/1.0" xmlns:rep="internal"
    jcr:mixinTypes="[rep:AccessControllable]"
    jcr:primaryType="nt:unstructured">
    <socialLucene/>
    <workflowDataLucene/>
    <slingeventJob/>
    <jcrLanguage/>
    <versionStoreIndex/>
    <repMembers/>
    <cqReportsLucene/>
    <commerceLucene/>
    <counter/>
    <authorizables/>
    <enablementResourceName/>
    <externalPrincipalNames/>
    <cmLucene/>
    <cqProjectLucene/>
    <ntFolderDamLucene/>
    <vngCareersIndex
        jcr:primaryType="oak:QueryIndexDefinition"
        async="async"
        compatVersion="{Long}2"
        evaluatePathRestrictions="{Boolean}true"
        includedPaths="[/var/vonage/careers/jobs]"
        reindex="{Boolean}false"
        reindexCount="{Long}4"
        seed="{Long}-5900562559217479994"
        type="lucene">
        <indexRules jcr:primaryType="nt:unstructured">
            <nt:unstructured
                jcr:primaryType="nt:unstructured"
                includePropertyTypes="all">
                <properties jcr:primaryType="nt:unstructured">
                    <primaryType
                        jcr:primaryType="nt:unstructured"
                        name="jcr:primaryType"
                        propertyIndex="{Boolean}true"/>
                    <updatedAt
                        jcr:primaryType="nt:unstructured"
                        name="updatedAt"
                        ordered="{Boolean}true"/>
                </properties>
            </nt:unstructured>
        </indexRules>
    </vngCareersIndex>
    <acPrincipalName/>
    <uuid/>
    <damAssetLucene/>
    <rep:policy/>
    <cqPayloadPath/>
    <nodetypeLucene/>
    <nodetype/>
    <ntBaseLucene/>
    <reference/>
    <principalName/>
    <cqTagLucene/>
    <lucene/>
    <repTokenIndex/>
    <externalId/>
    <authorizableId/>
    <cqPageLucene/>
</jcr:root>
