<?xml version="1.0" encoding="UTF-8"?>
<jcr:root xmlns:cq="http://www.day.com/jcr/cq/1.0" xmlns:jcr="http://www.jcp.org/jcr/1.0" xmlns:rep="internal"
    jcr:mixinTypes="[rep:AccessControllable]"
    jcr:primaryType="cq:Page">
    <rep:policy/>
    <jcr:content/>
    <homepage/>
    <about-us/>
    <log-in/>
    <contact-us/>
    <campus-2019/>
    <resources/>
    <unified-communications/>
    <contact-centers/>
    <communications-apis/>
    <investor-relations/>
    <careers/>
    <partners/>
    <events/>
    <support/>
    <system-status/>
    <downloads/>
    <language-selector/>
    <legal/>
    <pricing/>
    <thank-you/>
    <_x0034_04/>
    <QA-LP-UC-test/>
    <_x0035_00/>
    <enterprise-connect/>
    <developer-center/>
    <search/>
    <solutions/>
    <straightforward/>
    <newsroom/>
    <homepage1/>
    <contact-apps/>
    <reviews/>
    <sitemap-images.xml/>
    <sitemap.xml/>
</jcr:root>
