<?xml version="1.0" encoding="UTF-8"?>
<jcr:root xmlns:granite="http://www.adobe.com/jcr/granite/1.0" xmlns:crx="http://www.day.com/crx/1.0" xmlns:jcr="http://www.jcp.org/jcr/1.0" xmlns:rep="internal"
    jcr:primaryType="rep:ACL">
    <allow
        jcr:primaryType="rep:GrantACE"
        rep:principalName="repository-reader-service"
        rep:privileges="{Name}[jcr:read]"/>
    <allow1
        jcr:primaryType="rep:GrantACE"
        rep:principalName="replication-service"
        rep:privileges="{Name}[jcr:read,jcr:readAccessControl,crx:replicate,rep:write]"/>
    <allow2
        jcr:primaryType="rep:GrantACE"
        rep:principalName="taskmanagement-service"
        rep:privileges="{Name}[jcr:removeChildNodes,jcr:read,jcr:addChildNodes,jcr:nodeTypeManagement]">
        <rep:restrictions
            jcr:primaryType="rep:Restrictions"
            rep:glob="var"/>
    </allow2>
    <allow3
        jcr:primaryType="rep:GrantACE"
        rep:principalName="taskmanagement-service"
        rep:privileges="{Name}[rep:write]">
        <rep:restrictions
            jcr:primaryType="rep:Restrictions"
            rep:ntNames="{Name}[granite:Task]"/>
    </allow3>
    <allow4
        jcr:primaryType="rep:GrantACE"
        rep:principalName="taskmanagement-service"
        rep:privileges="{Name}[jcr:removeChildNodes,jcr:read,jcr:addChildNodes,jcr:nodeTypeManagement]">
        <rep:restrictions
            jcr:primaryType="rep:Restrictions"
            rep:glob="content"/>
    </allow4>
    <allow5
        jcr:primaryType="rep:GrantACE"
        rep:principalName="taskmanagement-service"
        rep:privileges="{Name}[jcr:removeChildNodes,jcr:read,jcr:addChildNodes,jcr:nodeTypeManagement]">
        <rep:restrictions
            jcr:primaryType="rep:Restrictions"
            rep:glob="etc"/>
    </allow5>
    <allow6
        jcr:primaryType="rep:GrantACE"
        rep:principalName="contributor"
        rep:privileges="{Name}[jcr:read]"/>
    <allow7
        jcr:primaryType="rep:GrantACE"
        rep:principalName="version-purge-service"
        rep:privileges="{Name}[jcr:versionManagement,jcr:read]"/>
    <allow8
        jcr:primaryType="rep:GrantACE"
        rep:principalName="index-admin"
        rep:privileges="{Name}[rep:indexDefinitionManagement,jcr:read,jcr:nodeTypeManagement]"/>
    <allow9
        jcr:primaryType="rep:GrantACE"
        rep:principalName="root-reader-service"
        rep:privileges="{Name}[rep:readNodes]">
        <rep:restrictions
            jcr:primaryType="rep:Restrictions"
            rep:glob=""/>
    </allow9>
    <allow10
        jcr:primaryType="rep:GrantACE"
        rep:principalName="root-reader-service"
        rep:privileges="{Name}[rep:readProperties]">
        <rep:restrictions
            jcr:primaryType="rep:Restrictions"
            rep:itemNames="{Name}[jcr:primaryType]"/>
    </allow10>
    <deny11
        jcr:primaryType="rep:DenyACE"
        rep:principalName="contributor"
        rep:privileges="{Name}[jcr:read]">
        <rep:restrictions
            jcr:primaryType="rep:Restrictions"
            rep:glob="libs/*/config/*"/>
    </deny11>
    <deny12
        jcr:primaryType="rep:DenyACE"
        rep:principalName="contributor"
        rep:privileges="{Name}[jcr:read]">
        <rep:restrictions
            jcr:primaryType="rep:Restrictions"
            rep:glob="libs/*/install/*"/>
    </deny12>
    <deny13
        jcr:primaryType="rep:DenyACE"
        rep:principalName="contributor"
        rep:privileges="{Name}[jcr:read]">
        <rep:restrictions
            jcr:primaryType="rep:Restrictions"
            rep:glob="apps/*/config/*"/>
    </deny13>
    <deny14
        jcr:primaryType="rep:DenyACE"
        rep:principalName="contributor"
        rep:privileges="{Name}[jcr:read]">
        <rep:restrictions
            jcr:primaryType="rep:Restrictions"
            rep:glob="apps/*/install/*"/>
    </deny14>
    <deny15
        jcr:primaryType="rep:DenyACE"
        rep:principalName="version-purge-service"
        rep:privileges="{Name}[jcr:versionManagement,jcr:read]">
        <rep:restrictions
            jcr:primaryType="rep:Restrictions"
            rep:glob="libs/*/config/*"/>
    </deny15>
    <deny16
        jcr:primaryType="rep:DenyACE"
        rep:principalName="version-purge-service"
        rep:privileges="{Name}[jcr:versionManagement,jcr:read]">
        <rep:restrictions
            jcr:primaryType="rep:Restrictions"
            rep:glob="libs/*/install/*"/>
    </deny16>
    <deny17
        jcr:primaryType="rep:DenyACE"
        rep:principalName="version-purge-service"
        rep:privileges="{Name}[jcr:versionManagement,jcr:read]">
        <rep:restrictions
            jcr:primaryType="rep:Restrictions"
            rep:glob="apps/*/config/*"/>
    </deny17>
    <deny18
        jcr:primaryType="rep:DenyACE"
        rep:principalName="version-purge-service"
        rep:privileges="{Name}[jcr:versionManagement,jcr:read]">
        <rep:restrictions
            jcr:primaryType="rep:Restrictions"
            rep:glob="apps/*/install/*"/>
    </deny18>
    <allow19
        jcr:primaryType="rep:GrantACE"
        rep:principalName="statistics-service"
        rep:privileges="{Name}[jcr:read,rep:write]">
        <rep:restrictions
            jcr:primaryType="rep:Restrictions"
            rep:glob="*/jcr:content/cq:keywords"/>
    </allow19>
    <allow20
        jcr:primaryType="rep:GrantACE"
        rep:principalName="offloading-service"
        rep:privileges="{Name}[jcr:read]"/>
    <allow21
        jcr:primaryType="rep:GrantACE"
        rep:principalName="translation-job-service"
        rep:privileges="{Name}[jcr:read]">
        <rep:restrictions
            jcr:primaryType="rep:Restrictions"
            rep:glob=""/>
    </allow21>
    <allow22
        jcr:primaryType="rep:GrantACE"
        rep:principalName="msm-service"
        rep:privileges="{Name}[jcr:read]"/>
    <allow23
        jcr:primaryType="rep:GrantACE"
        rep:principalName="community-site-administrators"
        rep:privileges="{Name}[jcr:read]"/>
    <allow24
        jcr:primaryType="rep:GrantACE"
        rep:principalName="community-group-administrators"
        rep:privileges="{Name}[jcr:read]"/>
    <allow25
        jcr:primaryType="rep:GrantACE"
        rep:principalName="screens-administrators"
        rep:privileges="{Name}[jcr:read]">
        <rep:restrictions
            jcr:primaryType="rep:Restrictions"
            rep:glob=""/>
    </allow25>
    <allow26
        jcr:primaryType="rep:GrantACE"
        rep:principalName="acs-commons-ensure-oak-index-service"
        rep:privileges="{Name}[rep:indexDefinitionManagement,jcr:read,rep:write]">
        <rep:restrictions
            jcr:primaryType="rep:Restrictions"
            rep:glob="*/oak:index"/>
    </allow26>
    <allow27
        jcr:primaryType="rep:GrantACE"
        rep:principalName="acs-commons-ensure-oak-index-service"
        rep:privileges="{Name}[rep:indexDefinitionManagement,jcr:read,rep:write]">
        <rep:restrictions
            jcr:primaryType="rep:Restrictions"
            rep:glob="*/oak:index/*"/>
    </allow27>
    <allow28
        jcr:primaryType="rep:GrantACE"
        rep:principalName="acs-commons-dispatcher-flush-service"
        rep:privileges="{Name}[jcr:removeNode,jcr:read,crx:replicate]"/>
    <allow29
        jcr:primaryType="rep:GrantACE"
        rep:principalName="acs-commons-package-replication-status-event-service"
        rep:privileges="{Name}[jcr:modifyAccessControl,jcr:read,jcr:readAccessControl,rep:write]"/>
    <allow30
        jcr:primaryType="rep:GrantACE"
        rep:principalName="acs-commons-ensure-service-user-service"
        rep:privileges="{Name}[jcr:modifyAccessControl,jcr:read,jcr:readAccessControl,rep:write]"/>
    <allow31
        jcr:primaryType="rep:GrantACE"
        rep:principalName="acs-commons-automatic-package-replicator-service"
        rep:privileges="{Name}[jcr:read]"/>
    <allow32
        jcr:primaryType="rep:GrantACE"
        rep:principalName="acs-commons-on-deploy-scripts-service"
        rep:privileges="{Name}[jcr:read]"/>
    <allow33
        jcr:primaryType="rep:GrantACE"
        rep:principalName="deploy"
        rep:privileges="{Name}[jcr:read]"/>
    <allow34
        jcr:primaryType="rep:GrantACE"
        rep:principalName="smartling-touch-connector"
        rep:privileges="{Name}[jcr:all]"/>
    <allow35
        jcr:primaryType="rep:GrantACE"
        rep:principalName="vonage"
        rep:privileges="{Name}[jcr:read]"/>
    <allow36
        jcr:primaryType="rep:GrantACE"
        rep:principalName="smartling-user"
        rep:privileges="{Name}[jcr:versionManagement,jcr:modifyAccessControl,jcr:read,jcr:readAccessControl,crx:replicate,rep:write,jcr:lockManagement]"/>
</jcr:root>
